                  epoch,         train/box_loss,         train/cls_loss,         train/dfl_loss,   metrics/precision(B),      metrics/recall(B),       metrics/mAP50(B),    metrics/mAP50-95(B),           val/box_loss,           val/cls_loss,           val/dfl_loss,                 lr/pg0,                 lr/pg1,                 lr/pg2
                      1,                0.65976,                0.43894,                 0.8239,                0.95701,                 0.8223,                0.84136,                0.61447,                0.55031,                0.38042,                0.80639,             0.00055297,             0.00055297,             0.00055297
                      2,                0.65692,                0.41972,                0.82295,                0.94274,                0.82871,                0.84354,                0.62909,                0.53444,                 0.3629,                0.80456,             0.00074279,             0.00074279,             0.00074279
                      3,                0.64274,                0.40092,                0.82077,                0.95742,                 0.8278,                0.84681,                0.63478,                0.53073,                0.34472,                0.80226,             0.00056586,             0.00056586,             0.00056586
