                  epoch,         train/box_loss,         train/cls_loss,         train/dfl_loss,   metrics/precision(B),      metrics/recall(B),       metrics/mAP50(B),    metrics/mAP50-95(B),           val/box_loss,           val/cls_loss,           val/dfl_loss,                 lr/pg0,                 lr/pg1,                 lr/pg2
                      1,                0.92421,                0.42835,                0.83428,                0.98027,                0.96641,                0.98715,                0.65335,                0.80257,                0.43191,                0.80362,             0.00062673,             0.00062673,             0.00062673
                      2,                 0.9543,                 0.4324,                 0.8306,                0.96021,                0.96887,                0.98475,                0.62309,                0.86457,                 0.4396,                0.80896,              0.0012602,              0.0012602,              0.0012602
                      3,                0.98989,                0.45521,                0.82966,                0.96508,                0.96796,                0.98443,                0.62844,                0.90713,                0.50058,                0.81033,              0.0018911,              0.0018911,              0.0018911
                      4,                0.97996,                 0.4655,                0.82294,                0.94906,                0.94241,                0.97529,                 0.5619,                 1.0275,                0.51049,                0.81689,              0.0019881,              0.0019881,              0.0019881
