                  epoch,         train/box_loss,         train/cls_loss,         train/dfl_loss,   metrics/precision(B),      metrics/recall(B),       metrics/mAP50(B),    metrics/mAP50-95(B),           val/box_loss,           val/cls_loss,           val/dfl_loss,                 lr/pg0,                 lr/pg1,                 lr/pg2
                      1,                0.53165,                0.68209,                0.80157,                0.98249,                0.78073,                 0.8721,                0.69527,                0.44311,                0.34163,                0.78662,              0.0005526,              0.0005526,              0.0005526
                      2,                0.51945,                 0.3582,                0.79898,                0.99023,                0.87647,                0.91087,                0.71837,                0.44658,                0.29773,                0.78798,              0.0009254,              0.0009254,              0.0009254
                      3,                0.51859,                0.32958,                0.79917,                0.98374,                  0.878,                0.91245,                 0.7191,                0.45195,                0.28638,                0.78567,              0.0011148,              0.0011148,              0.0011148
                      4,                0.52081,                0.31537,                0.79874,                0.97466,                0.89333,                0.91948,                 0.7267,                0.44153,                0.27866,                0.78484,             0.00084184,             0.00084184,             0.00084184
                      5,                0.51806,                0.30378,                0.79846,                0.97793,                0.89066,                0.91885,                0.72184,                0.44228,                0.27233,                0.78539,             0.00056678,             0.00056678,             0.00056678
                      6,                0.51372,                0.29803,                 0.7989,                0.97282,                 0.8954,                0.92048,                0.73452,                0.42193,                0.26457,                0.78272,             0.00029172,             0.00029172,             0.00029172
