                  epoch,         train/box_loss,         train/cls_loss,         train/dfl_loss,   metrics/precision(B),      metrics/recall(B),       metrics/mAP50(B),    metrics/mAP50-95(B),           val/box_loss,           val/cls_loss,           val/dfl_loss,                 lr/pg0,                 lr/pg1,                 lr/pg2
                      1,                0.55868,                0.42218,                0.80694,                0.97215,                0.84872,                0.87888,                0.64637,                0.53525,                0.38156,                0.79473,              0.0005526,              0.0005526,              0.0005526
                      2,                0.57805,                0.41017,                 0.8094,                0.98404,                0.84253,                0.88173,                0.64894,                0.51414,                0.36064,                0.79798,              0.0009254,              0.0009254,              0.0009254
                      3,                0.59198,                0.40469,                0.81302,                 0.9728,                0.84379,                0.87917,                0.63577,                0.47541,                0.34448,                0.79228,              0.0011148,              0.0011148,              0.0011148
                      4,                0.57897,                0.37774,                0.80969,                0.94963,                0.86424,                0.89017,                0.67156,                0.47777,                0.32046,                0.79128,             0.00084184,             0.00084184,             0.00084184
                      5,                0.57075,                0.35799,                0.80764,                0.98062,                0.85578,                0.89019,                0.67928,                0.47338,                0.30531,                0.79074,             0.00056678,             0.00056678,             0.00056678
                      6,                0.53588,                0.33376,                0.80363,                0.96595,                0.87271,                0.89599,                0.69212,                0.42965,                0.28591,                0.78431,             0.00029172,             0.00029172,             0.00029172
