                  epoch,         train/box_loss,         train/cls_loss,         train/dfl_loss,   metrics/precision(B),      metrics/recall(B),       metrics/mAP50(B),    metrics/mAP50-95(B),           val/box_loss,           val/cls_loss,           val/dfl_loss,                 lr/pg0,                 lr/pg1,                 lr/pg2
                      1,                  1.467,                 25.872,                0.80556,                0.95152,                0.85992,                0.92714,                0.53001,                 1.3149,                 7.7934,                0.77793,             0.00066146,             0.00066146,             0.00066146
                      2,                 1.5894,                 9.4451,                0.81128,                0.93676,                0.85603,                 0.9206,                 0.5342,                 1.3217,                  2.689,                0.77713,               0.001109,               0.001109,               0.001109
                      3,                 1.6331,                 5.0576,                0.81334,                 0.9412,                0.87189,                 0.9342,                0.53995,                 1.4104,                 1.6418,                 0.7911,              0.0013365,              0.0013365,              0.0013365
                      4,                 1.4758,                  3.105,                 0.8084,                0.91535,                 0.8836,                0.93118,                0.57812,                 1.1617,                 1.5546,                0.77696,                0.00101,                0.00101,                0.00101
                      5,                  1.421,                 2.3629,                0.80818,                 0.9523,                0.89494,                0.94216,                0.58801,                 1.1982,                  1.511,                0.77455,                0.00068,                0.00068,                0.00068
                      6,                  1.381,                 2.0145,                0.80597,                0.94758,                0.91431,                0.95725,                0.64149,                 1.0853,                 1.2957,                0.77234,                0.00035,                0.00035,                0.00035
