                  epoch,         train/box_loss,         train/cls_loss,         train/dfl_loss,   metrics/precision(B),      metrics/recall(B),       metrics/mAP50(B),    metrics/mAP50-95(B),           val/box_loss,           val/cls_loss,           val/dfl_loss,                 lr/pg0,                 lr/pg1,                 lr/pg2
                      1,                 0.7754,                 1.0654,                0.84593,                0.91595,                0.70865,                0.79641,                0.56451,                0.56978,                0.58633,                0.80458,              0.0005526,              0.0005526,              0.0005526
                      2,                0.63743,                0.60675,                0.82066,                0.89826,                0.77861,                0.83678,                0.60303,                0.52742,                0.48614,                0.79974,             0.00055967,             0.00055967,             0.00055967
