                  epoch,         train/box_loss,         train/cls_loss,         train/dfl_loss,   metrics/precision(B),      metrics/recall(B),       metrics/mAP50(B),    metrics/mAP50-95(B),           val/box_loss,           val/cls_loss,           val/dfl_loss,                 lr/pg0,                 lr/pg1,                 lr/pg2
                      1,                 2.3986,                 4.7419,                 1.5037,                0.12234,                0.13805,                0.07694,                0.03521,                 1.9971,                 2.8666,                 1.4196,             8.4352e-05,             8.4352e-05,             8.4352e-05
                      2,                 2.1674,                 4.2699,                 1.4011,                0.20902,                0.18804,                0.09219,                0.04234,                 1.9288,                 2.6761,                 1.3805,             0.00016409,             0.00016409,             0.00016409
                      3,                 2.0905,                 4.0627,                 1.3762,                0.27192,                0.20113,                 0.1211,                0.05357,                 1.8987,                 2.5119,                 1.3683,             0.00023819,             0.00023819,             0.00023819
                      4,                 2.0318,                 3.8262,                 1.3545,                0.21362,                 0.2153,                0.12489,                0.05834,                 1.8097,                 2.4142,                 1.3486,             0.00023066,             0.00023066,             0.00023066
                      5,                 2.0036,                 3.6192,                 1.3348,                0.23566,                0.24288,                0.14859,                0.06947,                 1.7457,                 2.4173,                 1.3092,             0.00022221,             0.00022221,             0.00022221
