                  epoch,         train/box_loss,         train/cls_loss,         train/dfl_loss,   metrics/precision(B),      metrics/recall(B),       metrics/mAP50(B),    metrics/mAP50-95(B),           val/box_loss,           val/cls_loss,           val/dfl_loss,                 lr/pg0,                 lr/pg1,                 lr/pg2
                      1,                0.98657,                0.87999,                 0.9437,                0.98252,                0.97713,                0.98686,                0.69849,                0.88583,                0.52169,                0.93237,             0.00012144,             0.00012144,             0.00012144
                      2,                0.98731,                0.83245,                0.94122,                0.97751,                0.97965,                0.98205,                0.66913,                0.94058,                0.53045,                0.94875,              0.0001963,              0.0001963,              0.0001963
                      3,                0.99167,                0.80008,                0.94566,                0.98683,                0.98091,                0.98746,                0.70183,                0.88415,                0.49513,                0.93063,             0.00022233,             0.00022233,             0.00022233
                      4,                0.97742,                0.76643,                0.93435,                0.98579,                0.98442,                0.98957,                0.71779,                0.85637,                0.47528,                0.92445,             0.00015022,             0.00015022,             0.00015022
                      5,                 0.9391,                0.73435,                0.92974,                0.98651,                0.98346,                 0.9898,                0.73234,                0.78757,                0.45775,                0.90172,              7.696e-05,              7.696e-05,              7.696e-05
