                  epoch,         train/box_loss,         train/cls_loss,         train/dfl_loss,   metrics/precision(B),      metrics/recall(B),       metrics/mAP50(B),    metrics/mAP50-95(B),           val/box_loss,           val/cls_loss,           val/dfl_loss,                 lr/pg0,                 lr/pg1,                 lr/pg2
                      1,                 2.5153,                 58.443,                0.95118,                0.91023,                0.58667,                0.63373,                 0.2852,                 2.3087,                 24.001,                 0.8819,             0.00066077,             0.00066077,             0.00066077
                      2,                 2.0841,                 31.085,                 0.8619,                 0.9257,                0.65778,                0.76118,                0.36506,                 1.8364,                 13.394,                0.82423,              0.0011084,              0.0011084,              0.0011084
                      3,                 1.9734,                 20.613,                0.84873,                0.93612,                0.69778,                0.79183,                 0.4162,                 1.6924,                 10.551,                0.81958,               0.001336,               0.001336,               0.001336
                      4,                 1.9259,                 14.822,                 0.8513,                0.96545,                0.74222,                0.82971,                0.46396,                 1.5916,                 9.1125,                  0.813,                0.00101,                0.00101,                0.00101
                      5,                 1.7859,                 12.546,                0.83169,                0.95016,                0.76253,                0.82354,                0.47517,                 1.5334,                 8.2201,                0.81288,                0.00068,                0.00068,                0.00068
                      6,                 1.7017,                 10.438,                0.82538,                0.96323,                0.76889,                0.83617,                0.48227,                 1.4952,                 5.6425,                0.80612,                0.00035,                0.00035,                0.00035
