                  epoch,         train/box_loss,         train/cls_loss,         train/dfl_loss,   metrics/precision(B),      metrics/recall(B),       metrics/mAP50(B),    metrics/mAP50-95(B),           val/box_loss,           val/cls_loss,           val/dfl_loss,                 lr/pg0,                 lr/pg1,                 lr/pg2
                      1,                0.89949,                  1.354,                0.93717,                0.99771,                0.99507,                0.99499,                0.88808,                 0.4709,                0.32225,                 0.7906,             0.00066298,             0.00066298,             0.00066298
                      2,                 0.5273,                0.31893,                0.80082,                0.99803,                0.99613,                0.99498,                0.89321,                0.44767,                 0.2959,                0.78625,              0.0011103,              0.0011103,              0.0011103
                      3,                0.52086,                0.30572,                0.79969,                0.99788,                0.99741,                  0.995,                0.89788,                 0.4412,                0.28683,                  0.786,              0.0013375,              0.0013375,              0.0013375
                      4,                0.51975,                0.30013,                0.79913,                0.99852,                0.99694,                  0.995,                 0.9024,                0.43621,                0.27354,                0.78495,                0.00101,                0.00101,                0.00101
                      5,                0.51023,                0.29018,                0.79773,                0.99827,                0.99815,                  0.995,                0.90645,                0.42742,                0.26719,                0.78384,                0.00068,                0.00068,                0.00068
                      6,                0.51086,                0.28634,                0.79874,                0.99837,                0.99655,                0.99499,                0.90817,                0.42083,                0.26282,                0.78323,                0.00035,                0.00035,                0.00035
