                  epoch,         train/box_loss,         train/cls_loss,         train/dfl_loss,   metrics/precision(B),      metrics/recall(B),       metrics/mAP50(B),    metrics/mAP50-95(B),           val/box_loss,           val/cls_loss,           val/dfl_loss,                 lr/pg0,                 lr/pg1,                 lr/pg2
                      1,                0.84039,                  1.154,                 0.8528,                0.98932,                0.98916,                0.99446,                0.84077,                0.59058,                0.63252,                0.80639,              0.0005526,              0.0005526,              0.0005526
                      2,                0.70169,                0.62884,                0.82757,                0.99567,                0.99123,                0.99494,                0.84972,                0.55231,                0.49714,                 0.8031,             0.00055967,             0.00055967,             0.00055967
