fitness,lr0,lrf,momentum,weight_decay,warmup_epochs,warmup_momentum,box,cls,dfl,hsv_h,hsv_s,hsv_v,degrees,translate,scale,shear,perspective,flipud,fliplr,bgr,mosaic,mixup,copy_paste
0.90412,0.01,0.01,0.937,0.0005,3.0,0.8,7.5,0.5,1.5,0.015,0.7,0.4,0.0,0.1,0.5,0.0,0.0,0.0,0.5,0.0,1.0,0.0,0.0
0.90499,0.01,0.01014,0.98,0.00056,3.83118,0.71555,6.96253,0.53855,1.5,0.01358,0.7,0.44957,0.0,0.06956,0.5,0.0,0.0,0.0,0.50426,0.0,1.0,0.0,0.0
0.9029,0.01056,0.00968,0.98,0.00056,3.63666,0.73014,6.22397,0.55556,1.36143,0.01442,0.74607,0.45161,0.0,0.06956,0.47772,0.0,0.0,0.0,0.52429,0.0,1.0,0.0,0.0
0.9011,0.01,0.01068,0.98,0.00056,4.06967,0.66779,6.96253,0.52587,1.48082,0.01328,0.7,0.46171,0.0,0.06794,0.5,0.0,0.0,0.0,0.48008,0.0,0.93389,0.0,0.0
0.90943,0.00724,0.01252,0.92235,0.00056,4.4414,0.81917,9.19206,0.68972,1.68663,0.01477,0.72756,0.44957,0.0,0.06335,0.5,0.0,0.0,0.0,0.57956,0.0,1.0,0.0,0.0
0.90044,0.01,0.01014,0.98,0.00056,3.82707,0.71544,6.95986,0.53855,1.5,0.01357,0.70027,0.45016,0.0,0.06958,0.50048,0.0,0.0,0.0,0.50473,0.0,1.0,0.0,0.0
