                  epoch,         train/box_loss,         train/cls_loss,         train/dfl_loss,   metrics/precision(B),      metrics/recall(B),       metrics/mAP50(B),    metrics/mAP50-95(B),           val/box_loss,           val/cls_loss,           val/dfl_loss,                 lr/pg0,                 lr/pg1,                 lr/pg2
                      1,                 1.1244,                 1.8056,                 1.0819,                0.97283,                0.89265,                 0.9184,                0.71239,                 0.4809,                0.42584,                0.79481,              0.0005526,              0.0005526,              0.0005526
                      2,                0.55372,                0.40925,                0.80633,                0.98203,                0.89113,                0.91271,                0.70843,                0.46681,                0.32428,                0.78925,              0.0009254,              0.0009254,              0.0009254
                      3,                0.54184,                0.36611,                0.80331,                0.98122,                0.88599,                 0.9186,                0.72737,                0.44471,                0.30615,                0.78711,              0.0011148,              0.0011148,              0.0011148
                      4,                0.53228,                0.34081,                0.80151,                0.98333,                0.89704,                0.92099,                0.72583,                0.44925,                0.29536,                0.78598,             0.00084184,             0.00084184,             0.00084184
                      5,                0.52427,                0.32441,                0.80015,                0.97952,                0.90154,                0.91807,                0.72839,                0.44082,                0.27862,                0.78554,             0.00056678,             0.00056678,             0.00056678
                      6,                0.52353,                0.31715,                0.80052,                0.98382,                0.89501,                  0.919,                0.73933,                0.42962,                0.27202,                0.78447,             0.00029172,             0.00029172,             0.00029172
