                  epoch,         train/box_loss,         train/cls_loss,         train/dfl_loss,   metrics/precision(B),      metrics/recall(B),       metrics/mAP50(B),    metrics/mAP50-95(B),           val/box_loss,           val/cls_loss,           val/dfl_loss,                 lr/pg0,                 lr/pg1,                 lr/pg2
                      1,                0.56297,                 1.3255,                0.82477,                0.99604,                0.99458,                0.99497,                0.88041,                0.48112,                0.43682,                0.80184,              0.0005526,              0.0005526,              0.0005526
                      2,                0.51797,                0.43303,                0.80701,                0.99838,                0.99606,                  0.995,                0.89063,                0.44557,                0.36637,                0.78921,             0.00055967,             0.00055967,             0.00055967
