                  epoch,         train/box_loss,         train/cls_loss,         train/dfl_loss,   metrics/precision(B),      metrics/recall(B),       metrics/mAP50(B),    metrics/mAP50-95(B),           val/box_loss,           val/cls_loss,           val/dfl_loss,                 lr/pg0,                 lr/pg1,                 lr/pg2
                      1,                 2.7622,                 69.095,                0.99307,                0.95678,                0.39354,                0.68344,                0.28978,                 2.2775,                 35.573,                0.93582,             0.00065778,             0.00065778,             0.00065778
                      2,                 2.1216,                 33.272,                0.87655,                0.84851,                0.67215,                0.74778,                0.34532,                 2.0464,                 16.266,                0.84286,             0.00088738,             0.00088738,             0.00088738
                      3,                 2.0235,                 25.698,                0.86956,                0.92173,                0.66222,                0.77041,                 0.3678,                 1.9491,                 14.044,                 0.8369,             0.00067698,             0.00067698,             0.00067698
