                  epoch,         train/box_loss,         train/cls_loss,         train/dfl_loss,   metrics/precision(B),      metrics/recall(B),       metrics/mAP50(B),    metrics/mAP50-95(B),           val/box_loss,           val/cls_loss,           val/dfl_loss,                 lr/pg0,                 lr/pg1,                 lr/pg2
                      1,                 1.3586,                 1.6393,                 1.0768,                0.96247,                0.80342,                0.84944,                0.59896,                0.64281,                 0.6627,                0.83083,             0.00055107,             0.00055107,             0.00055107
                      2,                0.72452,                0.59869,                 0.8357,                 0.9599,                0.82174,                0.85705,                 0.6281,                0.56409,                0.47448,                0.80793,             0.00074152,             0.00074152,             0.00074152
                      3,                0.67601,                0.53477,                 0.8274,                0.96909,                0.83078,                0.85947,                0.63584,                0.53521,                0.44494,                0.80094,             0.00056522,             0.00056522,             0.00056522
