                  epoch,         train/box_loss,         train/cls_loss,         train/dfl_loss,   metrics/precision(B),      metrics/recall(B),       metrics/mAP50(B),    metrics/mAP50-95(B),           val/box_loss,           val/cls_loss,           val/dfl_loss,                 lr/pg0,                 lr/pg1,                 lr/pg2
                      1,                0.60861,                0.53202,                0.81504,                0.94413,                 0.8338,                0.86357,                0.62534,                0.50925,                0.44212,                0.79734,              0.0005526,              0.0005526,              0.0005526
                      2,                0.60279,                0.48446,                0.81392,                0.96673,                0.84699,                0.87568,                0.64207,                0.51066,                0.41419,                0.79656,              0.0009254,              0.0009254,              0.0009254
