                  epoch,         train/box_loss,         train/cls_loss,         train/dfl_loss,   metrics/precision(B),      metrics/recall(B),       metrics/mAP50(B),    metrics/mAP50-95(B),           val/box_loss,           val/cls_loss,           val/dfl_loss,                 lr/pg0,                 lr/pg1,                 lr/pg2
                      1,                 0.4851,                 1.1622,                 1.0869,                0.92912,                0.75888,                 0.8067,                0.58204,                0.37005,                0.61815,                 1.0345,             0.00049271,             0.00049271,             0.00049271
                      2,                0.41773,                0.66908,                 1.0579,                0.94379,                0.81821,                0.84548,                  0.622,                0.37541,                0.49137,                 1.0323,             0.00049889,             0.00049889,             0.00049889
