                  epoch,         train/box_loss,         train/cls_loss,         train/dfl_loss,   metrics/precision(B),      metrics/recall(B),       metrics/mAP50(B),    metrics/mAP50-95(B),           val/box_loss,           val/cls_loss,           val/dfl_loss,                 lr/pg0,                 lr/pg1,                 lr/pg2
                      1,                 1.4929,                 41.282,                0.81462,                 0.9424,                0.76392,                0.83784,                0.51802,                 1.2815,                 11.935,                0.79222,             0.00066146,             0.00066146,             0.00066146
                      2,                 1.6858,                 17.259,                0.82424,                0.89372,                0.85214,                0.88422,                0.54276,                 1.2539,                  8.554,                0.77631,               0.001109,               0.001109,               0.001109
                      3,                 1.6554,                  9.866,                0.81444,                0.91921,                0.85214,                0.90022,                 0.5005,                 1.3731,                 3.1415,                0.78361,              0.0013365,              0.0013365,              0.0013365
                      4,                 1.5598,                 6.1329,                0.81473,                0.94699,                0.87549,                0.92964,                0.56723,                 1.1608,                 1.8139,                0.77563,                0.00101,                0.00101,                0.00101
                      5,                 1.4982,                 4.4899,                0.81346,                0.96927,                0.85903,                0.93281,                0.59158,                 1.1188,                 1.6213,                0.77088,                0.00068,                0.00068,                0.00068
                      6,                 1.4556,                 3.6638,                0.81142,                0.94565,                0.88015,                0.93309,                0.60466,                  1.097,                  1.594,                0.77386,                0.00035,                0.00035,                0.00035
