                  epoch,         train/box_loss,         train/cls_loss,         train/dfl_loss,   metrics/precision(B),      metrics/recall(B),       metrics/mAP50(B),    metrics/mAP50-95(B),           val/box_loss,           val/cls_loss,           val/dfl_loss,                 lr/pg0,                 lr/pg1,                 lr/pg2
                      1,                0.53558,                0.28869,                 0.8024,                0.97323,                 0.8727,                0.90183,                0.71113,                0.43895,                0.27058,                0.78566,              0.0005526,              0.0005526,              0.0005526
                      2,                0.53549,                0.29559,                0.80105,                0.97376,                0.86474,                0.90479,                0.71434,                0.44789,                0.27873,                0.78561,              0.0009254,              0.0009254,              0.0009254
                      3,                0.54399,                0.29951,                0.80237,                0.96611,                0.87667,                0.90331,                0.71952,                0.44349,                0.27799,                0.78569,              0.0011148,              0.0011148,              0.0011148
                      4,                0.52776,                0.29016,                0.80046,                0.97189,                0.87905,                0.90458,                 0.7122,                0.44363,                0.27569,                 0.7859,             0.00084184,             0.00084184,             0.00084184
                      5,                0.52437,                0.28423,                0.79978,                0.97642,                0.87032,                0.90634,                0.72539,                0.43575,                0.26315,                0.78449,             0.00056678,             0.00056678,             0.00056678
                      6,                 0.5219,                0.27981,                0.79978,                0.97472,                0.87271,                0.90537,                0.72737,                  0.428,                0.25787,                0.78353,             0.00029172,             0.00029172,             0.00029172
