                  epoch,         train/box_loss,         train/cls_loss,         train/dfl_loss,   metrics/precision(B),      metrics/recall(B),       metrics/mAP50(B),    metrics/mAP50-95(B),           val/box_loss,           val/cls_loss,           val/dfl_loss,                 lr/pg0,                 lr/pg1,                 lr/pg2
                      1,                 1.7031,                0.84716,                 1.3633,                0.87104,                0.77202,                0.90523,                0.61927,                0.97007,                0.52816,                0.94415,             8.3692e-05,             8.3692e-05,             8.3692e-05
                      2,                0.77345,                0.46763,                0.87723,                0.97357,                0.80293,                0.91913,                0.70481,                0.69018,                0.41067,                0.86454,             0.00012719,             0.00012719,             0.00012719
                      3,                0.66826,                0.40347,                0.85093,                0.79074,                0.90589,                 0.9339,                 0.7434,                0.60552,                0.36788,                0.84403,             0.00012845,             0.00012845,             0.00012845
                      4,                0.61471,                0.37472,                0.84212,                0.92085,                 0.9056,                0.94885,                0.76202,                0.56384,                0.34534,                0.83442,              6.592e-05,              6.592e-05,              6.592e-05
