                  epoch,         train/box_loss,         train/cls_loss,         train/dfl_loss,   metrics/precision(B),      metrics/recall(B),       metrics/mAP50(B),    metrics/mAP50-95(B),           val/box_loss,           val/cls_loss,           val/dfl_loss,                 lr/pg0,                 lr/pg1,                 lr/pg2
                      1,                 3.3425,                 6.1274,                 2.1269,                0.05708,                0.03412,                0.03468,                0.01471,                 2.4341,                  4.773,                 1.3696,             8.3394e-05,             8.3394e-05,             8.3394e-05
                      2,                 2.2285,                 3.6966,                 1.2825,                0.07244,                0.66661,                0.31064,                0.10566,                 2.1914,                 3.5669,                 1.2512,             0.00016706,             0.00016706,             0.00016706
                      3,                 2.0468,                 2.4728,                 1.2361,                0.76254,                0.55928,                 0.6898,                0.29482,                 1.9196,                 1.9808,                 1.1774,             0.00024903,             0.00024903,             0.00024903
