                  epoch,         train/box_loss,         train/cls_loss,         train/dfl_loss,   metrics/precision(B),      metrics/recall(B),       metrics/mAP50(B),    metrics/mAP50-95(B),           val/box_loss,           val/cls_loss,           val/dfl_loss,                 lr/pg0,                 lr/pg1,                 lr/pg2
                      1,                 1.3444,                 1.5485,                 1.0772,                0.87512,                0.63321,                0.73968,                0.49068,                0.73375,                0.65385,                0.84673,             0.00055297,             0.00055297,             0.00055297
                      2,                0.83784,                0.71704,                0.85984,                0.93039,                0.73025,                0.77857,                0.55296,                0.67265,                0.55722,                0.82872,             0.00074279,             0.00074279,             0.00074279
                      3,                 0.7766,                0.62179,                0.84609,                0.92927,                0.73783,                0.78663,                0.56751,                0.62279,                 0.5057,                0.81909,             0.00056586,             0.00056586,             0.00056586
