                  epoch,         train/box_loss,         train/cls_loss,         train/dfl_loss,   metrics/precision(B),      metrics/recall(B),       metrics/mAP50(B),    metrics/mAP50-95(B),           val/box_loss,           val/cls_loss,           val/dfl_loss,                 lr/pg0,                 lr/pg1,                 lr/pg2
                      1,                 3.0282,                 5.6113,                 1.8207,                0.05556,                0.00019,                0.02787,                0.01394,                 2.4502,                 4.6018,                 1.4415,              0.0032624,              0.0032624,              0.0032624
                      2,                 2.1245,                 2.7159,                 1.2882,                0.08922,                0.89554,                0.70747,                0.28351,                 2.0184,                 2.8581,                  1.293,              0.0065892,              0.0065892,              0.0065892
