                  epoch,         train/box_loss,         train/cls_loss,         train/dfl_loss,   metrics/precision(B),      metrics/recall(B),       metrics/mAP50(B),    metrics/mAP50-95(B),           val/box_loss,           val/cls_loss,           val/dfl_loss,                 lr/pg0,                 lr/pg1,                 lr/pg2
                      1,                0.88022,                 1.3548,                0.94042,                 0.9872,                0.88478,                 0.9184,                0.70966,                0.46345,                0.40829,                0.78934,              0.0005526,              0.0005526,              0.0005526
                      2,                 0.5266,                0.43958,                0.80042,                0.97839,                0.89725,                0.91823,                0.72038,                0.44423,                0.36626,                0.78676,             0.00055967,             0.00055967,             0.00055967
