                  epoch,         train/box_loss,         train/cls_loss,         train/dfl_loss,   metrics/precision(B),      metrics/recall(B),       metrics/mAP50(B),    metrics/mAP50-95(B),           val/box_loss,           val/cls_loss,           val/dfl_loss,                 lr/pg0,                 lr/pg1,                 lr/pg2
                      1,                 1.3687,                 24.917,                 1.1221,                0.89404,                0.69854,                0.78223,                 0.3104,                  1.329,                 1.3322,                 1.0563,              0.0029462,              0.0029462,              0.0029462
                      2,                 1.2892,                 2.2223,                 1.0915,                0.87482,                0.77547,                0.83939,                0.40076,                 1.1307,                 2.8965,                 1.0426,              0.0059023,              0.0059023,              0.0059023
                      3,                 1.3692,                 1.4567,                 1.1088,                0.88045,                0.75024,                0.83283,                0.38585,                 1.2183,                 1.1763,                 1.0503,              0.0088465,              0.0088465,              0.0088465
                      4,                 1.3723,                 1.2111,                 1.1224,                0.86808,                0.80457,                0.88891,                0.43794,                 1.1315,                 1.0425,                 1.0522,              0.0099406,              0.0099406,              0.0099406
                      5,                 1.2871,                 1.0388,                 1.0994,                0.90334,                0.89372,                0.94104,                0.46472,                 1.1221,                0.90655,                 1.0448,              0.0099208,              0.0099208,              0.0099208
