                  epoch,         train/box_loss,         train/cls_loss,         train/dfl_loss,   metrics/precision(B),      metrics/recall(B),       metrics/mAP50(B),    metrics/mAP50-95(B),           val/box_loss,           val/cls_loss,           val/dfl_loss,                 lr/pg0,                 lr/pg1,                 lr/pg2
                      1,                 1.3945,                 25.932,                0.80068,                0.95505,                0.85992,                0.91941,                0.52359,                 1.2727,                 3.4164,                0.77496,             0.00066146,             0.00066146,             0.00066146
                      2,                 1.5125,                 4.9986,                0.80544,                0.97353,                0.87938,                 0.9322,                0.55617,                 1.2699,                  1.748,                0.77785,               0.001109,               0.001109,               0.001109
                      3,                 1.5188,                 2.5621,                0.80682,                0.97554,                 0.8677,                0.92944,                0.52416,                 1.3842,                0.91783,                0.78583,              0.0013365,              0.0013365,              0.0013365
                      4,                 1.4615,                 1.7083,                0.80707,                0.94543,                0.87641,                0.96094,                0.56657,                 1.2646,                 0.7069,                0.78341,                0.00101,                0.00101,                0.00101
                      5,                 1.4025,                 1.3353,                0.80728,                0.95185,                0.85603,                0.94723,                0.59858,                 1.2255,                0.62954,                0.77603,                0.00068,                0.00068,                0.00068
                      6,                 1.3591,                 1.1983,                0.80448,                0.96216,                0.89494,                0.96823,                0.65177,                 1.0672,                0.58201,                0.77214,                0.00035,                0.00035,                0.00035
