                  epoch,         train/box_loss,         train/cls_loss,         train/dfl_loss,   metrics/precision(B),      metrics/recall(B),       metrics/mAP50(B),    metrics/mAP50-95(B),           val/box_loss,           val/cls_loss,           val/dfl_loss,                 lr/pg0,                 lr/pg1,                 lr/pg2
                      1,                0.62055,                0.47627,                0.81504,                0.96353,                0.83235,                0.86164,                0.64832,                0.51173,                0.43737,                0.79791,             0.00055107,             0.00055107,             0.00055107
                      2,                0.62366,                0.45064,                0.81454,                0.97105,                0.82451,                0.86517,                0.64482,                 0.5104,                0.37283,                0.79322,             0.00074152,             0.00074152,             0.00074152
                      3,                0.60532,                0.41343,                 0.8125,                0.98574,                0.83474,                 0.8731,                0.66012,                0.48835,                0.34477,                 0.7891,             0.00056522,             0.00056522,             0.00056522
